{
	"format_version": "1.20.20",
	"sound_definitions": {
		"music.kamorte_out": {
			"category": "music",
			"sounds": [
				"sounds/music/spring-song",
				"sounds/music/clair-de-lune",
				"sounds/music/where-all-waters-converge",
				"sounds/music/raven-gloss-of-darkness",
				"sounds/music/limpide-est-le-sanglot-deau"
			]
		},
		"music.kamorte_in": {
			"category": "music",
			"sounds": [
				"sounds/music/le-spectacle-doit-continuer"
			]
		},
		"music.kamorte_trial": {
			"category": "music",
			"sounds": [
				"sounds/music/searching-for-clues"
			]
		},
		"music.kamorte_verdict": {
			"category": "music",
			"sounds": [
				"sounds/music/the-oratrices-verdict"
			]
		}
	}	
}
